Ticker,Company,Industry
AI,C3ai Inc,Speculative AI Pure-Plays
AUR,Aurora Innovation Inc,AI & Machine Learning
BBAI,BigBearai Holdings Inc,Speculative AI Pure-Plays
BZAI,Blaize Holdings,Speculative AI Pure-Plays
CRNC,Cerence Inc,Speculative AI Pure-Plays
DFTX,Definium Therapeutics,Speculative AI Pure-Plays
GDYN,Grid Dynamics Hldgs Inc,Software - Infrastructure
INOD,Innodata Inc,Speculative AI Pure-Plays
KDK,Kodiak AI,Speculative AI Pure-Plays
MBLY,Mobileye Global Inc.,AI & Machine Learning
PATH,UiPath Inc,Software - Infrastructure
PDYN,PALLADYNE AI CORP,Speculative AI Pure-Plays
PLTR,Palantir Technologies Inc,Software - Infrastructure
PONY,Pony AI Inc ADR,AI & Machine Learning
RXRX,Recursion Pharmaceuticals Inc,Speculative AI Pure-Plays
RZLV,Rezolve Ai,Speculative AI Pure-Plays
SDGR,Schrodinger,Software - Infrastructure
SOUN,SoundHound AI Inc,Speculative AI Pure-Plays
TEM,Tempus AI,Speculative AI Pure-Plays
WRD,WeRide Inc ADR,AI & Machine Learning
ANET,Arista Networks Inc,AI Infrastructure — Hyperscalers & Hardware
CSCO,Cisco Systems Inc,AI Infrastructure — Hyperscalers & Hardware
DELL,Dell Technologies Inc,AI Infrastructure — Hyperscalers & Hardware
FFIV,F5 Inc,AI Infrastructure — Hyperscalers & Hardware
HPE,Hewlett Packard Enterprise Co,AI Infrastructure — Hyperscalers & Hardware
NTAP,Netapp Inc,AI Infrastructure — Hyperscalers & Hardware
PENG,Penguin Solutions Inc,AI Infrastructure — Hyperscalers & Hardware
P,Everpure Inc,AI Infrastructure — Hyperscalers & Hardware
SMCI,Super Micro Computer Inc,AI Infrastructure — Hyperscalers & Hardware
VRT,Vertiv Holdings Co,AI Infrastructure — Hyperscalers & Hardware
AMT,American Tower Corp,AI REIT
CCI,Crown Castle,AI REIT
COLD,Americold Realty Trust,AI REIT
DLR,Digital Realty Trust,AI REIT
EQIX,Equinix IncD,AI REIT
IHS,IHS Holding Ltd,AI REIT
IRM,Iron Mountain,AI REIT
SBAC,SBA Communications,AI REIT
UNIT,Uniti Group Inc,AI REIT
APP,Applovin Corp,Advertisement
CRTO,Criteo,Advertisement
DV,DoubleVerify Holdings Inc,Advertisement
MGNI,Magnite Inc,Advertisement
OMC,Omnicom Group Inc,Advertisement
PUBM,PubMatic Inc,Advertisement
STGW,Stagwell Inc,Advertisement
TBLA,Taboola.com Ltd,Advertisement
TTD,Trade Desk Inc,Advertisement
ZD,Ziff Davis Inc,Advertisement
ZETA,Zeta Global Holdings Corp,Advertisement
BA,Boeing Co,Aerospace & Defense
GD,General Dynamics Corp,Aerospace & Defense
GE,GE Aerospace,Aerospace & Defense
HII,Huntington Ingalls Industries Inc,Aerospace & Defense
HWM,Howmet Aerospace Inc,Aerospace & Defense
KTOS,Kratos Defense & Security Solutions Inc,Aerospace & Defense
LHX,L3Harris Technologies Inc,Aerospace & Defense
LMT,Lockheed Martin Corp,Aerospace & Defense
NOC,Northrop Grumman Corp,Aerospace & Defense
RTX,RTX Corp,Aerospace & Defense
BKD,Brookdale Senior Living,Aging Population & Senior Care
CTRE,CareTrust REIT Inc,Aging Population & Senior Care
ENSG,Ensign Group Inc,Aging Population & Senior Care
LTC,LTC Properties Inc,Aging Population & Senior Care
NHI,National Health Investors,Aging Population & Senior Care
OHI,Omega Healthcare Investors,Aging Population & Senior Care
SBRA,Sabra Health Care REIT,Aging Population & Senior Care
USPH,US Physical Therapy Inc,Aging Population & Senior Care
VTR,Ventas Inc,Aging Population & Senior Care
WELL,Welltower Inc,Aging Population & Senior Care
ADM,Archer Daniels Midland Co,Food & Household
AGCO,AGCO Corp,Specialty Industrial Machinery
AGRO,Adecoagro SA,Food & Household
ALTO,Alto Ingredients Inc,Agriculture
ANDE,The Andersons Inc,Food & Household
BG,Bunge Global SA,Food & Household
CF,CF Industries Holdings Inc,Fertilizer & Crop Inputs
CNH,CNH Industrial NV,Specialty Industrial Machinery
CTVA,Corteva Inc,Fertilizer & Crop Inputs
DE,Deere & Co,Specialty Industrial Machinery
FMC,FMC Corp,Fertilizer & Crop Inputs
GPRE,Green Plains Inc,Agriculture
INGR,Ingredion Inc,Food & Household
IPI,Intrepid Potash Inc,Fertilizer & Crop Inputs
MOS,Mosaic Company,Fertilizer & Crop Inputs
NTR,Nutrien Ltd,Fertilizer & Crop Inputs
PCAR,Paccar Inc,Specialty Industrial Machinery
SMG,Scotts Miracle-Gro Company,Food & Household
TEX,Terex Corp,Specialty Industrial Machinery
TSN,Tyson Foods Inc,Food & Household
AAL,American Airlines Group Inc,Aviation General
ACHR,Archer Aviation Inc,eVTOL & Future Aviation
AER,Aercap Holdings NV,Specialty Industrial Machinery
ALK,Alaska Air Group Inc,Aviation General
DAL,Delta Air Lines Inc,Aviation General
EH,Ehang Holdings Ltd,eVTOL & Future Aviation
JBLU,Jetblue Airways Corp,Aviation General
JOBY,Joby Aviation Inc,eVTOL & Future Aviation
LTM,LATAM Airlines Group SA ADR,Aviation General
LUV,Southwest Airlines Co,Aviation General
RYAAY,Ryanair Holdings Plc ADR,Aviation General
SRFM,Surf Air Mobility Inc.,eVTOL & Future Aviation
UAL,United Airlines Holdings Inc,Aviation General
ABCL,Abcellera Biologics Inc.,Biotech — Gene & Cell Therapy
ALNY,Alnylam Pharmaceuticals Inc,Biotech — Gene & Cell Therapy
ARWR,Arrowhead Pharmaceuticals Inc,Biotech — Gene & Cell Therapy
BBIO,BridgeBio Pharma Inc,Biotech — Gene & Cell Therapy
BEAM,Beam Therapeutics Inc.,Biotech — Gene & Cell Therapy
BMRN,Biomarin Pharmaceutical Inc,Large Pharma & Specialty Drug
CORT,Corcept Therapeutics Inc,Large Pharma & Specialty Drug
CRSP,Crispr Therapeut,Biotech — Gene & Cell Therapy
IMVT,Immunovant Inc,Biotech — Gene & Cell Therapy
INSM,Insmed Inc,Large Pharma & Specialty Drug
IONS,Ionis Pharmaceuticals Inc,Biotech — Gene & Cell Therapy
IOVA,Iovance Biotherp,Biotech — Gene & Cell Therapy
JAZZ,Jazz Pharmaceuticals plc,Large Pharma & Specialty Drug
MRNA,Moderna Inc,Large Pharma & Specialty Drug
NGNE,Neurogene,Biotech — Gene & Cell Therapy
RPRX,Royalty Pharma plc,Large Pharma & Specialty Drug
RVMD,Revolution Medicines Inc,Large Pharma & Specialty Drug
VRTX,Vertex Pharmaceuticals Inc,Large Pharma & Specialty Drug
XENE,Xenon Pharmaceuticals Inc,Large Pharma & Specialty Drug
AAPL,Apple Inc,Consumer Tech & Electronics
AMZN,Amazoncom Inc,Bluechip (Big/Mega Cap Tech)
GOOG,Alphabet Inc,Bluechip (Big/Mega Cap Tech)
GOOGL,Alphabet Inc,Bluechip (Big/Mega Cap Tech)
META,Meta Platforms Inc,Bluechip (Big/Mega Cap Tech)
MSFT,Microsoft Corp,Software - Application
NFLX,Netflix Inc,Bluechip (Big/Mega Cap Tech)
NVDA,NVIDIA Corp,Bluechip (Big/Mega Cap Tech)
ORCL,Oracle Corp,Bluechip (Big/Mega Cap Tech)
TSLA,Tesla Inc,Bluechip (Big/Mega Cap Tech)
AAON,AAON Inc,Building Materials
AMRZ,Amrize Ltd,Building Materials
BLDR,Builders Firstsource Inc,Building Materials
CRH,CRH Plc,Building Materials
CX,Cemex SAB de CV ADR,Building Materials
FBIN,Fortune Brands Innovations Inc,Building Materials
JHX,James Hardie Industries plc,Building Materials
LPX,Louisiana-Pacific Corp,Building Materials
MAS,Masco Corp,Building Materials
OC,Owens Corning,Building Materials
TREX,TREX Co Inc,Building Materials
TT,Trane Technologies plc,Building Materials
VMC,Vulcan Materials Co,Building Materials
WMS,Advanced Drainage Systems Inc,Building Materials
ASH,Ashland Inc,Chemicals — Commodity & Specialty
ASIX,AdvanSix Inc,Chemicals — Commodity & Specialty
AVNT,Avient Corp,Chemicals — Commodity & Specialty
CE,Celanese Corp,Chemicals — Commodity & Specialty
DOW,Dow Inc,Chemicals — Commodity & Specialty
HUN,Huntsman Corp,Chemicals — Commodity & Specialty
LXU,LSB Industries Inc,Chemicals — Commodity & Specialty
MEOH,Methanex Corp,Chemicals — Commodity & Specialty
OLN,Olin Corp,Chemicals — Commodity & Specialty
TROX,Tronox Holdings plc,Chemicals — Commodity & Specialty
ATAT,Atour Lifestyle Holdings Ltd ADR,China Stocks
ATHM,Autohome Inc ADR,China Stocks
BABA,Alibaba Group Holding Ltd ADR,China Stocks
BEKE,KE Holdings Inc ADR,China Stocks
BIDU,Baidu Inc ADR,China Stocks
BILI,Bilibili Inc ADR,China Stocks
BZ,Kanzhun Ltd ADR,China Stocks
EDU,New Oriental Education & Technology Group Inc ADR,China Stocks
GDS,GDS Holdings Limited ADR,China Stocks
GRRR,Gorilla Technology Group Ord Shs,China Stocks
HSAI,Hesai Group ADR,China Stocks
HTHT,H World Group Limited ADR,China Stocks
JD,JDcom Inc ADR,China Stocks
KC,Kingsoft Cloud Holdings Ltd ADR,China Stocks
LI,Li Auto Inc ADR,China Stocks
MMYT,MakeMyTrip Ltd,China Stocks
NIO,NIO Inc ADR,China Stocks
NTES,NetEase Inc ADR,China Stocks
PDD,PDD Holdings Inc ADR,China Stocks
TAL,TAL Education Group ADR,China Stocks
TCOM,Tripcom Group Ltd ADR,China Stocks
TME,Tencent Music Entertainment Group ADR,China Stocks
VIPS,Vipshop Holdings Ltd ADR,China Stocks
VNET,VNET Group Inc ADR,China Stocks
WB,Weibo Corp ADR,China Stocks
XPEV,XPeng Inc ADR,China Stocks
YMM,Full Truck Alliance Co Ltd ADR,China Stocks
YUMC,Yum China Holdings Inc,China Stocks
ZTO,ZTO Express (Cayman) Inc ADR,China Stocks
AMR,Alpha Metallurgical Resources,Coal
AREC,American Res Corp,Coal
ARLP,Alliance Resource Partners,Coal
BTU,Peabody Energy Corp,Coal
CNR,Core Natural Resources Inc,Coal
HCC,Warrior Met Coal Inc,Coal
METC,Ramaco Resources Inc,Coal
SXC,SunCoke Energy Inc,Coal
ALOT,Astronova,Computer Hardware
AVT,Avnet Inc,Computer Hardware
HPQ,HP Inc,Computer Hardware
IBM,International Business Machines Corp,Software - Infrastructure
KVHI,Kvh Inds Inc,Computer Hardware
P,Everpure Inc,Computer Hardware
SNX,TD Synnex Corp,Computer Hardware
SSYS,Stratasys Ltd,Computer Hardware
VYX,NCR Voyix Corp,Computer Hardware
ZBRA,Zebra Technologies Corp,Computer Hardware
ACI,Albertsons Companies Inc,Consumer Defensive
BJ,BJ's Wholesale Club Holdings Inc,Consumer Defensive
BTI,British American Tobacco Plc ADR,Beverages & Tobacco
BUD,Anheuser-Busch InBev SA/NV ADR,Beverages & Tobacco
CALM,Cal-Maine Foods Inc,Consumer Defensive
CCEP,Coca-Cola Europacific Partners Plc,Beverages & Tobacco
CELH,Celsius Holdings Inc,Beverages & Tobacco
CHD,Church & Dwight Co Inc,Consumer Defensive
CL,Colgate-Palmolive Co,Consumer Defensive
CLX,Clorox Co,Consumer Defensive
COCO,Vita Coco Company Inc,Beverages & Tobacco
COST,Costco Wholesale Corp,Consumer Defensive
DG,Dollar General Corp,Consumer Defensive
DLTR,Dollar Tree Inc,Consumer Defensive
FIVE,Five Below Inc,Consumer Defensive
HSY,Hershey Company,Consumer Defensive
KDP,Keurig Dr Pepper Inc,Beverages & Tobacco
KMB,Kimberly-Clark Corp,Consumer Defensive
KO,Coca-Cola Co,Beverages & Tobacco
KR,Kroger Co,Consumer Defensive
KVUE,Kenvue Inc,Consumer Defensive
MDLZ,Mondelez International Inc,Consumer Defensive
MNST,Monster Beverage Corp,Beverages & Tobacco
MO,Altria Group Inc,Beverages & Tobacco
MUSA,Murphy Usa IncD,Consumer Defensive
NOMD,Nomad Foods Ltd,Consumer Defensive
NWL,Newell Brands Inc,Consumer Defensive
OLLI,Ollies Bargain Outlet Holdings Inc,Consumer Defensive
PEP,PepsiCo Inc,Beverages & Tobacco
PFGC,Performance Food Group Company,Consumer Defensive
PG,Procter & Gamble Co,Consumer Defensive
PM,Philip Morris International Inc,Beverages & Tobacco
PRMB,Primo Brands Corp,Consumer Defensive
REYN,Reynolds Consumer Products Inc,Consumer Defensive
SFM,Sprouts Farmers Market Inc,Consumer Defensive
SJM,JM Smucker Company,Consumer Defensive
STZ,Constellation Brands Inc,Beverages & Tobacco
SYY,Sysco Corp,Consumer Defensive
TAP,Molson Coors Beverage Company,Beverages & Tobacco
TGT,Target Corp,Consumer Defensive
UL,Unilever plc ADR,Consumer Defensive
USFD,US Foods Holding Corp,Consumer Defensive
WMT,Walmart Inc,Consumer Defensive
YSWY,Yesway Inc,Consumer Defensive
ABNB,Airbnb Inc,Consumer Goods & Travel
BBY,Best Buy Co Inc,Consumer Goods & Travel
BKNG,Booking Holdings Inc,Consumer Goods & Travel
CAR,Avis Budget Group Inc,Consumer Goods & Travel
CCL,Carnival Corp,Consumer Goods & Travel
CPRT,Copart Inc,Consumer Goods & Travel
DKS,Dicks Sporting Goods Inc,Consumer Goods & Travel
DRVN,Driven Brands Holdings Inc,Consumer Goods & Travel
EXPE,Expedia Group Inc,Consumer Goods & Travel
F,Ford Motor Co,Auto Manufacturers
GM,General Motors Company,Auto Manufacturers
GPC,Genuine Parts Co,Consumer Goods & Travel
GT,Goodyear Tire & Rubber Co,Consumer Goods & Travel
H,Hyatt Hotels Corp,Consumer Goods & Travel
HD,Home Depot Inc,Consumer Goods & Travel
HLT,Hilton Worldwide Holdings Inc,Consumer Goods & Travel
HMC,Honda Motor ADR,Auto Manufacturers
HOG,Harley-Davidson Inc,Consumer Goods & Travel
HTZ,Hertz Global Holdings Inc,Consumer Goods & Travel
KMX,Carmax Inc,Consumer Goods & Travel
LKQ,LKQ Corp,Consumer Goods & Travel
LOW,Lowe's Cos Inc,Consumer Goods & Travel
MAR,Marriott International Inc,Consumer Goods & Travel
MGA,Magna International Inc,Auto Manufacturers
NCLH,Norwegian Cruise Line Holdings Ltd,Consumer Goods & Travel
ORLY,O'Reilly Automotive Inc,Consumer Goods & Travel
PLNT,Planet Fitness Inc,Consumer Goods & Travel
RCL,Royal Caribbean Group,Consumer Goods & Travel
STLA,Stellantis NV,Auto Manufacturers
YETI,YETI Holdings Inc,Consumer Goods & Travel
ARLO,Arlo Technologies Inc,Consumer Tech & Electronics
GPRO,GoPro Inc,Consumer Tech & Electronics
GRMN,Garmin Ltd,Consumer Tech & Electronics
LOGI,Logitech International SA,Consumer Tech & Electronics
LPL,LG Display Co Ltd ADR,Consumer Tech & Electronics
ROKU,Roku,Consumer Tech & Electronics
SONO,Sonos Inc,Consumer Tech & Electronics
SONY,Sony Group Corp ADR,Consumer Tech & Electronics
VUZI,Vuzix Corp,Consumer Tech & Electronics
ADT,ADT Inc,Cyber Security
BB,BlackBerry Ltd,Cyber Security
CRWD,Crowdstrike Holdings Inc,Cyber Security
EVLV,Evolv Technologies Holdings Inc,Cyber Security
FTNT,Fortinet Inc,Cyber Security
GEN,Gen Digital Inc,Cyber Security
NET,Cloudflare Inc,Cyber Security
NTSK,Netskope Inc,Cyber Security
OKTA,Okta Inc,Cyber Security
PANW,Palo Alto Networks Inc,Cyber Security
QLYS,Qualys Inc,Cyber Security
RBRK,Rubrik Inc,Cyber Security
S,SentinelOne Inc,Cyber Security
SAIL,Sailpoint Inc,Cyber Security
TENB,Tenable Holdings Inc,Cyber Security
VRNS,Varonis Systems Inc,Cyber Security
ZS,Zscaler Inc,Cyber Security
KEEL,Keel Infrastructure Corp,Digital Assets & Blockchain
BMNR,Bitmine Immersion Technologies Inc,Digital Assets & Blockchain
BTDR,Bitdeer Technologies Group,Digital Assets & Blockchain
BULL,Webull Corp,Digital Assets & Blockchain
CIFR,Cipher Digital Inc,Digital Assets & Blockchain
CLSK,Cleanspark Inc,Digital Assets & Blockchain
COIN,Coinbase Global,Digital Assets & Blockchain
CRCL,CIRCLE INTERNET GROUP INC,Digital Assets & Blockchain
GLXY,Galaxy Digital,Digital Assets & Blockchain
MSTR,Strategy Inc,Digital Assets & Blockchain
SLNH,SOLUNA HOLDINGS INC,Digital Assets & Blockchain
STRC,Strategy Inc - VR PRF PERPETUAL USD 100 - Ser A,Digital Assets & Blockchain
WULF,Terawulf Inc,Digital Assets & Blockchain
XXI,Twenty One Capital Inc,Digital Assets & Blockchain
CARG,CarGurus Inc,E-Commerce & Internet Retail
CART,Maplebear Inc,E-Commerce & Internet Retail
CPNG,Coupang Inc,E-Commerce & Internet Retail
CVNA,Carvana Co,E-Commerce & Internet Retail
DASH,DoorDash Inc,E-Commerce & Internet Retail
EBAY,EBay Inc,E-Commerce & Internet Retail
ETSY,Etsy Inc,E-Commerce & Internet Retail
GRAB,Grab Holdings Limited,E-Commerce & Internet Retail
MELI,Mercadolibre,E-Commerce & Internet Retail
OPEN,Opendoor Technologies Inc,E-Commerce & Internet Retail
RVLV,Revolve Group Inc,E-Commerce & Internet Retail
SE,Sea Ltd ADR,E-Commerce & Internet Retail
SHOP,Shopify Inc,E-Commerce & Internet Retail
W,Wayfair Inc,E-Commerce & Internet Retail
ATKR,Atkore International Group,Electrical Equipment & Parts
AYI,Acuity Brands Inc,Electrical Equipment & Parts
ENR,Energizer Holdings Inc,Electrical Equipment & Parts
GNRC,Generac Holdings Inc,Electrical Equipment & Parts
HAYW,Hayward Holdings Inc,Electrical Equipment & Parts
HUBB,Hubbell Inc,Electrical Equipment & Parts
NVT,nVent Electric plc,Electrical Equipment & Parts
PLPC,Preformed Line,Electrical Equipment & Parts
POWL,Powell IndsD,Electrical Equipment & Parts
TE,T1 Energy Inc,Electrical Equipment & Parts
ABAT,American Battery Technology Co,Battery Materials & Lithium
ADUR,Aduro Clean Tech,Hydrogen & Charging
AEIS,Advanced EnergyD,Electrical Equipment & Parts
ALB,Albemarle Corp,Battery Materials & Lithium
AMPX,Amprius Technologies Inc,"Electrification, Batteries & EVs"
AMSC,American Superconductor Corp,Electrical Equipment & Parts
ATLX,Atlas Lithium,Battery Materials & Lithium
BE,Bloom Energy Corp,Hydrogen & Charging
CHPT,Chargepoint Holdings Inc,Hydrogen & Charging
ELVR,Elevra Lithium,Battery Materials & Lithium
ENVX,Enovix Corp,"Electrification, Batteries & EVs"
EOSE,Eos Energy Enterprises Inc,"Electrification, Batteries & EVs"
ETN,Eaton Corp Plc,Electrical Equipment & Parts
FCEL,Fuelcell Energy,Hydrogen & Charging
FLNC,Fluence Energy Inc,Hydrogen & Charging
GEV,GE Vernova Inc,Electrical Equipment & Parts
IPWR,Ideal Pwr Inc,Electrical Equipment & Parts
LAC,Lithium Americas Corp (NewCo),Battery Materials & Lithium
LAR,Lithium Argentina AG,Battery Materials & Lithium
LCID,Lucid Group Inc,Auto Manufacturers
LGO,Largo Inc,Battery Materials & Lithium
PLUG,Plug Power,Hydrogen & Charging
QS,QuantumScape Corp,"Electrification, Batteries & EVs"
RIVN,Rivian Automotive Inc,Auto Manufacturers
SLDP,Solid Power Inc,"Electrification, Batteries & EVs"
SQM,Sociedad Quimica Y Minera de Chile SA ADR,Battery Materials & Lithium
ST,Sensata Technologies Holding Plc,Electrical Equipment & Parts
VC,Visteon Corp,Auto Manufacturers
APH,Amphenol Corp,Electronic Components
BDC,Belden Inc,Electronic Components
CLS,Celestica Inc,Electronic Components
FLEX,Flex Ltd,Electronic Components
JBL,Jabil Inc,Electronic Components
PLXS,Plexus Corp,Electronic Components
RAL,Ralliant Corp,Electronic Components
SANM,Sanmina Corp,Electronic Components
TEL,TE Connectivity plc,Electronic Components
TTMI,TTM Technologies Inc,Electronic Components
AEP,American Electric Power Company Inc,Energy Utilities
CEG,Constellation Energy Corp,Energy Utilities
D,Dominion Energy Inc,Energy Utilities
DUK,Duke Energy Corp,Energy Utilities
EXC,Exelon Corp,Energy Utilities
NEE,NextEra Energy Inc,Energy Utilities
PCG,PG&E Corp,Energy Utilities
SO,Southern Company,Energy Utilities
SRE,Sempra,Energy Utilities
VST,Vistra Corp,Energy Utilities
ACM,AECOM,Engineering & Construction
APG,APi Group Corp,Engineering & Construction
FER,Ferrovial SE,Engineering & Construction
FIX,Comfort Sys Usa,Engineering & Construction
FLR,Fluor Corp,Engineering & Construction
J,Jacobs Solutions Inc,Engineering & Construction
KBR,KBR Inc,Engineering & Construction
LGN,Legence Corp,Engineering & Construction
MTZ,Mastec Inc,Engineering & Construction
PRIM,Primoris Services Corp,Engineering & Construction
PWR,Quanta Services Inc,Engineering & Construction
TTEK,Tetra Tech Inc,Engineering & Construction
AEO,American Eagle Outfitters Inc,Female Consumer & Luxury Lifestyle
ANF,Abercrombie & Fitch Co,Female Consumer & Luxury Lifestyle
BBWI,Bath & Body Works Inc,Female Consumer & Luxury Lifestyle
BIRK,Birkenstock Holding Plc,Female Consumer & Luxury Lifestyle
COTY,Coty Inc,Female Consumer & Luxury Lifestyle
CPRI,Capri Holdings Ltd,Female Consumer & Luxury Lifestyle
DECK,Deckers Outdoor Corp,Female Consumer & Luxury Lifestyle
EL,Estee Lauder Cos Inc,Female Consumer & Luxury Lifestyle
ELF,elf Beauty Inc,Female Consumer & Luxury Lifestyle
FIGS,Figs Inc,Female Consumer & Luxury Lifestyle
LRLCY,LOreal SA ADR,Female Consumer & Luxury Lifestyle
LULU,Lululemon Athletica Inc,Female Consumer & Luxury Lifestyle
REAL,Therealreal Inc,Female Consumer & Luxury Lifestyle
SBH,Sally Beauty Holdings Inc,Female Consumer & Luxury Lifestyle
SIG,Signet Jewelers Ltd,Female Consumer & Luxury Lifestyle
TJX,TJX Companies Inc,Female Consumer & Luxury Lifestyle
TPR,Tapestry Inc,Female Consumer & Luxury Lifestyle
ULTA,Ulta Beauty,Female Consumer & Luxury Lifestyle
URBN,Urban Outfitters Inc,Female Consumer & Luxury Lifestyle
VSCO,Victoria's Secret & Co,Female Consumer & Luxury Lifestyle
AFRM,Affirm Holdings Inc,Financial Services & Fintech
BILL,BILL Holdings Inc,Financial Services & Fintech
BR,Broadridge Financial Solutions Inc,Financial Services & Fintech
CHYM,Chime Financial Inc,Financial Services & Fintech
DLO,DLocal Limited,Financial Services & Fintech
EEFT,Euronet Worldwide Inc,Financial Services & Fintech
FICO,Fair Isaac Corp,Financial Services & Fintech
FIS,Fidelity National Information Services Inc,Financial Services & Fintech
FOUR,Shift4 Payments Inc,Financial Services & Fintech
GPN,Global Payments Inc,Financial Services & Fintech
JKHY,Jack Henry & Associates Inc,Financial Services & Fintech
KLAR,Klarna Group plc,Financial Services & Fintech
MQ,Marqeta Inc,Financial Services & Fintech
NATL,NCR Atleos Corp,Financial Services & Fintech
NU,Nu Holdings Ltd,Financial Services & Fintech
PAGS,PagSeguro Digital Ltd,Financial Services & Fintech
PAYO,Payoneer Global Inc,Financial Services & Fintech
PAYP,PayPay Corp ADR,Financial Services & Fintech
PGY,Pagaya Technologies Ltd,Financial Services & Fintech
PYPL,PayPal Holdings Inc,Financial Services & Fintech
RELY,Remitly Global Inc,Financial Services & Fintech
STNE,StoneCo Ltd,Financial Services & Fintech
TOST,Toast Inc,Financial Services & Fintech
WLTH,Wealthfront Corp,Financial Services & Fintech
XYZ,Block Inc,Financial Services & Fintech
AEM,Agnico Eagle Mines Ltd,Gold
AGI,Alamos Gold Inc,Gold
ARIS,Aris Mining Corp,Gold
AU,AngloGold Ashanti Plc,Gold
AUGO,Aura Minerals Inc,Gold
B,Barrick Mining Corp,Gold
BTG,B2gold Corp,Gold
BVN,Compania de Minas Buenaventura SA ADR,Gold
CDE,Coeur Mining Inc,Gold
CGAU,Centerra Gold Inc,Gold
EGO,Eldorado Gold Corp,Gold
EQX,Equinox Gold Corp,Gold
FNV,Franco-Nevada Corp,Gold
GFI,Gold Fields Ltd ADR,Gold
GROY,Gold Royalty Corp,Gold
HMY,Harmony Gold Mining Co Ltd ADR,Gold
HYMC,Hycroft Mining Holding Corp,Gold
IAG,Iamgold Corp,Gold
KGC,Kinross Gold Corp,Gold
NEM,Newmont Corp,Gold
NG,Novagold Resources Inc,Gold
OR,OR Royalties Inc,Gold
ORLA,Orla Mining Ltd,Gold
RGLD,Royal Gold Inc,Gold
SA,Seabridge Gold Inc,Gold
SSRM,SSR Mining Inc,Gold
TFPM,Triple Flag Prec,Gold
WPM,Wheaton Precious Metals Corp,Gold
CNC,Centene Corp,Healthcare Services & Managed Care
CVS,CVS Health Corp,Healthcare Services & Managed Care
ELV,Elevance Health Inc,Healthcare Services & Managed Care
HCA,HCA Healthcare Inc,Healthcare Services & Managed Care
HIMS,Hims & Hers Health Inc,Healthcare Services & Managed Care
HNGE,Hinge Health,Healthcare Services & Managed Care
HUM,Humana Inc,Healthcare Services & Managed Care
MCK,McKesson Corp,Healthcare Services & Managed Care
SCI,Service Corp International,Healthcare Services & Managed Care
UNH,UnitedHealth Group Inc,Healthcare Services & Managed Care
AEVA,Aeva Technologies Inc,Industrial Automation & Robotics
CGNX,Cognex Corp,Industrial Automation & Robotics
EMR,Emerson Electric Co,Industrial Automation & Robotics
ONDS,Ondas Inc,Industrial Automation & Robotics
OUST,Ouster Inc,Industrial Automation & Robotics
ROK,Rockwell Automation Inc,Industrial Automation & Robotics
RR,Richtech Robotics Inc-B,Industrial Automation & Robotics
SERV,Serve Robotics,Industrial Automation & Robotics
SYM,Symbotic Inc,Industrial Automation & Robotics
VELO,Velo3D Inc,Industrial Automation & Robotics
BMBL,Bumble Inc,Internet Content & Information
DJT,Trump Media & Technology Group Corp,Internet Content & Information
IAC,IAC Inc,Internet Content & Information
PINS,Pinterest Inc,Internet Content & Information
RDDT,Reddit Inc,Internet Content & Information
SNAP,Snap Inc,Internet Content & Information
UPWK,Upwork Inc,Internet Content & Information
YELP,Yelp Inc,Internet Content & Information
Z,Zillow Group Inc,Internet Content & Information
ZG,Zillow Group Inc,Internet Content & Information
CHRW,CH Robinson Worldwide Inc,Logistics
EXPD,Expeditors International Of Washington Inc,Logistics
FDX,Fedex Corp,Logistics
FWRD,Forward Air Corp,Logistics
GXO,GXO Logistics Inc,Logistics
HUBG,Hub Group Inc,Logistics
PBI,Pitney Bowes Inc,Logistics
SAIA,Saia Inc,Logistics
UPS,United Parcel Service Inc,Logistics
DLB,Dolby Laboratories Inc,"Media, Entertainment & Gaming"
EA,Electronic Arts Inc,Gaming & Interactive
FUBO,fuboTV Inc,"Media, Entertainment & Gaming"
GENI,Genius Sports Limited,Gaming & Interactive
GME,Gamestop Corp,Gaming & Interactive
LION,Lionsgate Studios Corp,"Media, Entertainment & Gaming"
MTCH,Match Group Inc,Gaming & Interactive
PSKY,Paramount Skydance Corp,"Media, Entertainment & Gaming"
RBLX,Roblox Corp,Gaming & Interactive
RUM,Rumble Inc,"Media, Entertainment & Gaming"
SPOT,Spotify Technology SA,"Media, Entertainment & Gaming"
SRAD,Sportradar Group AG,Gaming & Interactive
STUB,Stubhub Holdings Inc,Gaming & Interactive
TTWO,Take-Two Interactive Software Inc,Gaming & Interactive
ABT,Abbott Laboratories,Medical Devices & Diagnostics
BSX,Boston Scientific Corp,Medical Devices & Diagnostics
DXCM,Dexcom Inc,Medical Devices & Diagnostics
EW,Edwards Lifesciences Corp,Medical Devices & Diagnostics
GEHC,GE HealthCare Technologies Inc,Medical Devices & Diagnostics
ILMN,Illumina Inc,Medical Devices & Diagnostics
ISRG,Intuitive Surgical Inc,Medical Devices & Diagnostics
MDT,Medtronic Plc,Medical Devices & Diagnostics
RMD,Resmed Inc,Medical Devices & Diagnostics
SYK,Stryker Corp,Medical Devices & Diagnostics
APLD,Applied Digital Corp,Neoclouds & Data Center Services
BTBT,Bit Digital Inc,Neoclouds & Data Center Services
CORZ,Core Scientific Inc,Neoclouds & Data Center Services
CRWV,CoreWeave Inc,Neoclouds & Data Center Services
HIVE,HIVE Digital Technologies,Neoclouds & Data Center Services
HUT,Hut 8 Mining,Neoclouds & Data Center Services
IREN,IREN Ltd,Neoclouds & Data Center Services
NBIS,Nebius Group NV,Neoclouds & Data Center Services
TSSI,TSS Inc,Neoclouds & Data Center Services
WYFI,WHITEFIBER INC,Neoclouds & Data Center Services
ASPI,ASP Isotopes,Nuclear
BWXT,BWX Technologies Inc,Nuclear
FRMI,Fermi Inc.,Nuclear
IMSR,Terrestrial Energy Inc,Nuclear
NKLR,Terra Innovatum Global,Nuclear
NNE,Nano Nuclear Energy Inc,Nuclear
OKLO,Oklo Inc,Nuclear
SMR,NuScale Power Corp,Nuclear
XE,X-Energy Inc,Nuclear
BP,BP plc ADR,Oil & Gas — Majors & E&P
COP,Conoco Phillips,Oil & Gas — Majors & E&P
CVX,Chevron Corp,Oil & Gas — Majors & E&P
DVN,Devon Energy Corp,Oil & Gas — Majors & E&P
EOG,EOG Resources Inc,Oil & Gas — Majors & E&P
EPD,Enterprise Products Partners L P,Oil & Gas — Midstream & Pipelines
EQNR,Equinor ASA ADR,Oil & Gas — Majors & E&P
ET,Energy Transfer LP,Oil & Gas — Midstream & Pipelines
FANG,Diamondback Energy Inc,Oil & Gas — Majors & E&P
HAL,Halliburton Co,Oil & Gas — Majors & E&P
KMI,Kinder Morgan Inc,Oil & Gas — Midstream & Pipelines
LNG,Cheniere Energy Inc,Oil & Gas — Midstream & Pipelines
MPC,Marathon Petroleum Corp,Oil & Gas — Majors & E&P
OXY,Occidental Petroleum Corp,Oil & Gas — Majors & E&P
SHEL,Shell Plc ADR,Oil & Gas — Majors & E&P
SLB,SLB Ltd,Oil & Gas — Majors & E&P
TTE,TotalEnergies SE,Oil & Gas — Majors & E&P
VLO,Valero Energy Corp,Oil & Gas — Majors & E&P
WMB,Williams Cos Inc,Oil & Gas — Midstream & Pipelines
XOM,Exxon Mobil Corp,Oil & Gas — Majors & E&P
AAOI,Applied Optoelectronics Inc,Optical Components & Photonics
ADTN,ADTRAN Holdings Inc,Network Equipment
CIEN,CIENA Corp,Optical Components & Photonics
COHR,Coherent Corp,Optical Components & Photonics
ERIC,Telefonaktiebolaget L M Ericsson ADR,Network Equipment
EXTR,Extreme Networks Inc,Network Equipment
FEIM,Frequency Electr,Optical Components & Photonics
GLW,Corning Inc,Optical Components & Photonics
HLIT,Harmonic Inc,Network Equipment
LASR,nLIGHT Inc,Optical Components & Photonics
LITE,Lumentum Holdings Inc,Optical Components & Photonics
LPTH,Lightpath Technologies Inc,Optical Components & Photonics
LWLG,Lightwave Logic Inc,Optical Components & Photonics
MSI,Motorola Solutions Inc,Network Equipment
NOK,Nokia Corp ADR,Network Equipment
OCC,Optical Cable Corp,Network Equipment
OLED,Universal Display Corp,Optical Components & Photonics
POET,POET Technologies Inc,Optical Components & Photonics
RBBN,Ribbon Communications,Network Equipment
UI,Ubiquiti IncD,Network Equipment
VIAV,Viavi Solutions Inc,Network Equipment
VISN,Vistance Networks Inc,Network Equipment
ALLE,Allegion plc,Other
ARMK,Aramark,Other
CBZ,Cbiz Inc,Other
COUR,Coursera Inc,Other
CTAS,Cintas Corp,Other
CTOS,Custom Truck One Source Inc,Other
CWST,Casella Waste Systems Inc,Waste & Environmental Services
CXW,CoreCivic Inc,Other
EQPT,EquipmentshareCom Inc,Other
EXLS,ExlService Holdings Inc,Other
EXPGY,Experian Plc,Other
FA,First Advantage Corp,Other
G,Genpact Ltd,Other
GEO,Geo Group Inc,Other
GFL,GFL Environmental Inc,Waste & Environmental Services
KODK,Eastman Kodak Co,Other
LAUR,Laureate Education Inc,Other
LRN,Stride Inc,Other
MAN,ManpowerGroup,Other
MMS,Maximus Inc,Other
NSP,Insperity Inc,Other
NVRI,Enviri Corp,Waste & Environmental Services
PCT,PureCycle Technologies Inc,Waste & Environmental Services
RBA,RB Global Inc,Other
RELX,RELX Plc ADR,Other
RHI,Robert Half Inc,Other
RSG,Republic Services Inc,Waste & Environmental Services
RTO,Rentokil Initial Plc ADR,Other
SUNB,Sunbelt Rentals Holdings Inc,Other
SUZ,Suzano SA ADR,Other
TH,Target Hospitality Corp,Other
TIC,TIC Solutions Inc,Other
TRI,Thomson-Reuters Corp,Other
VSTS,Vestis Corp,Other
WCN,Waste Connections Inc,Waste & Environmental Services
WM,Waste Management Inc,Waste & Environmental Services
WSC,WillScot Holdings Corp,Other
XMTR,Xometry Inc,Other
ZWS,Zurn Elkay Water Solutions Corp,Other
AA,Alcoa Corp,Mining — Base Metals & Diversified
ALM,Almonty Industries Inc,Mining — Base Metals & Diversified
ALOY,REALLOYS INC,Mining — Base Metals & Diversified
ATI,ATI Inc,Mining — Base Metals & Diversified
BHP,BHP Group Limited ADR,Mining — Base Metals & Diversified
BMM,Blue Moon Metals Inc,Mining — Base Metals & Diversified
CENX,Century Aluminum Co,Mining — Base Metals & Diversified
CLF,Cleveland-Cliffs Inc,Mining — Base Metals & Diversified
CMC,Commercial Metals Co,Mining — Base Metals & Diversified
CRS,Carpenter Technology Corp,Mining — Base Metals & Diversified
CSTM,Constellium SE,Mining — Base Metals & Diversified
EAF,Graftech International,Mining — Base Metals & Diversified
ERO,Ero Copper Corp,Mining — Base Metals & Diversified
FCX,Freeport-McMoRan Inc,Mining — Base Metals & Diversified
GGB,Gerdau SA ADR,Mining — Base Metals & Diversified
GPGI,GPGI Inc,Mining — Base Metals & Diversified
HBM,Hudbay Minerals Inc,Mining — Base Metals & Diversified
IE,Ivanhoe Electric Inc,Mining — Base Metals & Diversified
MLI,Mueller Industries Inc,Mining — Base Metals & Diversified
MT,ArcelorMittal,Mining — Base Metals & Diversified
MUX,McEwen Inc,Mining — Base Metals & Diversified
NEXA,Nexa Resources SA,Mining — Base Metals & Diversified
NUE,Nucor Corp,Mining — Base Metals & Diversified
RIO,Rio Tinto plc ADR,Mining — Base Metals & Diversified
SBSW,Sibanye Stillwater Limited ADR,Mining — Base Metals & Diversified
SCCO,Southern Copper Corp,Mining — Base Metals & Diversified
SKE,Skeena Resources Ltd,Mining — Base Metals & Diversified
STLD,Steel Dynamics Inc,Mining — Base Metals & Diversified
TECK,Teck Resources Ltd,Mining — Base Metals & Diversified
TGB,Taseko Mines Ltd,Mining — Base Metals & Diversified
VALE,Vale SA ADR,Mining — Base Metals & Diversified
AMCR,Amcor Plc,Packaging & Containers
BALL,Ball Corp,Packaging & Containers
CCK,Crown Holdings Inc,Packaging & Containers
GPK,Graphic Packaging Holding Co,Packaging & Containers
IP,International Paper Co,Packaging & Containers
OI,O-I Glass Inc,Packaging & Containers
PKG,Packaging Corp Of America,Packaging & Containers
SLGN,Silgan Holdings Inc,Packaging & Containers
SON,Sonoco Products Co,Packaging & Containers
SW,Smurfit WestRock plc,Packaging & Containers
BARK,Bark Inc,Pet Economy
CHWY,Chewy Inc,Pet Economy
ELAN,Elanco Animal Health Inc,Pet Economy
FRPT,Freshpet Inc,Pet Economy
IDXX,IDEXX Laboratories Inc,Pet Economy
PAHC,Phibro Animal Health,Pet Economy
PETS,PetMed Express Inc,Pet Economy
TRUP,Trupanion Inc,Financial Services & Fintech
WOOF,Petco Health & Wellness Co,Pet Economy
ZTS,Zoetis Inc,Pet Economy
ARQQ,Arqit Quantum Inc,Quantum
INFQ,Infleqtion Inc,Quantum
IONQ,IonQ Inc,Quantum
LAES,Sealsq Corp,Quantum
QBTS,D-Wave Quantum Inc,Quantum
QUBT,Quantum Computing Inc,Quantum
RGTI,Rigetti Computing Inc,Quantum
XNDU,Xanadu Quantum Technologies Ltd,Quantum
CRML,Critical Metals Corp,Rare Earth Mining
IDR,Idaho Strategic Resources,Rare Earth Mining
LYSDY,Lynas Rare Earths ADR,Rare Earth Mining
MP,MP Materials Corp,Rare Earth Mining
NB,Niocorp Developm,Rare Earth Mining
PPTA,Perpetua Resources Corp,Rare Earth Mining
SGML,Sigma Lithium Corp,Rare Earth Mining
TMC,TMC the metals company Inc,Rare Earth Mining
UAMY,United States Antimony Corp,Rare Earth Mining
USAR,USA Rare Earth Inc,Rare Earth Mining
CBRE,CBRE Group Inc,Real Estate — Homebuilders & Services
COMP,Compass Inc,Real Estate — Homebuilders & Services
CSGP,Costar Group Inc,Real Estate — Homebuilders & Services
CWK,Cushman & Wakefield Ltd,Real Estate — Homebuilders & Services
DHI,DR Horton Inc,Real Estate — Homebuilders & Services
KBH,KB Home,Real Estate — Homebuilders & Services
KW,Kennedy-Wilson Holdings Inc,Real Estate — Homebuilders & Services
LEN,Lennar Corp,Real Estate — Homebuilders & Services
LGIH,Lgi Homes Inc,Real Estate — Homebuilders & Services
MTH,Meritage Homes Corp,Real Estate — Homebuilders & Services
NMRK,Newmark Group Inc,Real Estate — Homebuilders & Services
PHM,PulteGroup Inc,Real Estate — Homebuilders & Services
TMHC,Taylor Morrison Home Corp,Real Estate — Homebuilders & Services
TOL,Toll Brothers Inc,Real Estate — Homebuilders & Services
A,Agilent Technologies Inc,Scientific & Technical Instruments
BMI,Badger Mete,Scientific & Technical Instruments
DHR,Danaher Corp,Scientific & Technical Instruments
FTV,Fortive Corp,Scientific & Technical Instruments
ITRI,Itron Inc,Scientific & Technical Instruments
RVTY,Revvity Inc,Scientific & Technical Instruments
TRMB,Trimble Inc,Scientific & Technical Instruments
ULS,UL Solutions Inc,Scientific & Technical Instruments
VNT,Vontier Corp,Scientific & Technical Instruments
WAT,Waters Corp,Scientific & Technical Instruments
AEHR,Aehr Test Systems,Semiconductor Equipment & Materials
AMKR,AMKOR Technology Inc,Semiconductor Equipment & Materials
ASX,ASE Technology Holding CoLtd ADR,Semiconductor Equipment & Materials
COHU,Cohu Inc,Semiconductor Equipment & Materials
FORM,FormFactor Inc,Semiconductor Equipment & Materials
KLIC,Kulicke & Soffa Industries,Semiconductor Equipment & Materials
ONTO,Onto Innovation Inc,Semiconductor Equipment & Materials
TER,Teradyne Inc,Semiconductor Equipment & Materials
TRT,Trio Tech Int,Semiconductor Equipment & Materials
ACLS,Axcelis Technologies Inc,Semiconductor Equipment & Materials
ACMR,ACM Research Inc,Semiconductor Equipment & Materials
AMAT,Applied Materials Inc,Semiconductor Equipment & Materials
ASML,ASML Holding NV,Semiconductor Equipment & Materials
ICHR,Ichor Holdings Ltd,Semiconductor Equipment & Materials
KEYS,Keysight Technologies Inc,Semiconductor Equipment & Materials
KLAC,KLA Corp,Semiconductor Equipment & Materials
LRCX,Lam Research Corp,Semiconductor Equipment & Materials
MKSI,MKS Inc,Semiconductor Equipment & Materials
UCTT,Ultra Clean Hldgs Inc,Semiconductor Equipment & Materials
VECO,Veeco Instruments Inc,Semiconductor Equipment & Materials
AXTI,AXT Inc,Semiconductor Equipment & Materials
AZTA,Azenta Inc,Semiconductor Equipment & Materials
CBT,Cabot Corp,Semiconductor Equipment & Materials
ENTG,Entegris Inc,Semiconductor Equipment & Materials
ICL,ICL Group Ltd,Semiconductor Equipment & Materials
IOSP,Innospec Inc,Semiconductor Equipment & Materials
IPGP,IPG Photonics Corp,Semiconductor Equipment & Materials
MTRN,Materion Corp,Semiconductor Equipment & Materials
PLAB,Photronics Inc,Semiconductor Equipment & Materials
Q,Qnity Electronics Inc,Semiconductor Equipment & Materials
ADI,Analog Devices Inc,Semiconductors & Hardware - Analog & Mixed-Signal ICs
ALGM,Allegro Microsystems Inc,Semiconductors & Hardware - Analog & Mixed-Signal ICs
ALMU,Aeluma,Semiconductors & Hardware - Analog & Mixed-Signal ICs
AMBQ,Ambiq Micro,Semiconductors & Hardware - Analog & Mixed-Signal ICs
ATOM,Atomera Inc,Semiconductors & Hardware - Analog & Mixed-Signal ICs
CRUS,Cirrus Logic Inc,Semiconductors & Hardware - Analog & Mixed-Signal ICs
HIMX,Himax Technologies ADR,Semiconductors & Hardware - Analog & Mixed-Signal ICs
MCHP,Microchip Technology Inc,Semiconductors & Hardware - Analog & Mixed-Signal ICs
MXL,MaxLinear Inc,Semiconductors & Hardware - Analog & Mixed-Signal ICs
NXPI,NXP Semiconductors NV,Semiconductors & Hardware - Analog & Mixed-Signal ICs
SITM,SITIME CORP,Semiconductors & Hardware - Analog & Mixed-Signal ICs
SLAB,Silicon Laboratories Inc,Semiconductors & Hardware - Analog & Mixed-Signal ICs
SMTC,Semtech Corp,Semiconductors & Hardware - Analog & Mixed-Signal ICs
STM,ST Microelectronics,Semiconductors & Hardware - Analog & Mixed-Signal ICs
SYNA,Synaptics Inc,Semiconductors & Hardware - Analog & Mixed-Signal ICs
TXN,Texas Instruments Inc,Semiconductors & Hardware - Analog & Mixed-Signal ICs
VPG,Vishay Precision Group Inc,Semiconductors & Hardware - Analog & Mixed-Signal ICs
VSH,Vishay Intertechnology Inc,Semiconductors & Hardware - Analog & Mixed-Signal ICs
DIOD,Diodes Inc,Semiconductor Foundry & Memory
GFS,GlobalFoundries Inc,Semiconductor Foundry & Memory
IMOS,ChipMOS Technologies,Semiconductor Foundry & Memory
MX,Magnachip Semiconductor,Semiconductor Foundry & Memory
SKYT,SkyWater Technology Inc,Semiconductor Foundry & Memory
TSEM,Tower Semiconductor Ltd,Semiconductor Foundry & Memory
TSM,Taiwan Semiconductor Manufacturing ADR,Semiconductor Foundry & Memory
UMC,United Micro Electronics ADR,Semiconductor Foundry & Memory
AIP,Arteris,Semiconductors & Hardware - Logic & Compute Processors
ALAB,Astera Labs Inc,Semiconductors & Hardware - Logic & Compute Processors
AMBA,Ambarella Inc,Semiconductors & Hardware - Logic & Compute Processors
AMD,Advanced Micro Devices Inc,Semiconductors & Hardware - Logic & Compute Processors
ARM,Arm Holdings Plc ADR,Semiconductors & Hardware - Logic & Compute Processors
AVGO,Broadcom Inc,Semiconductors & Hardware - Logic & Compute Processors
CRDO,Credo Technology Group Holding Ltd,Semiconductors & Hardware - Logic & Compute Processors
INTC,Intel Corp,Semiconductors & Hardware - Logic & Compute Processors
LSCC,Lattice Semiconductor Corp,Semiconductors & Hardware - Logic & Compute Processors
MRVL,Marvell Technology Inc,Semiconductors & Hardware - Logic & Compute Processors
QCOM,Qualcomm Inc,Semiconductors & Hardware - Logic & Compute Processors
GSIT,GSI Technology Inc,Semiconductor Foundry & Memory
MRAM,Everspin Technol,Semiconductor Foundry & Memory
MU,Micron Technology Inc,Semiconductor Foundry & Memory
QMCO,Quantum Corp,Semiconductor Foundry & Memory
RMBS,Rambus Inc,Semiconductor Foundry & Memory
SIMO,Silicon Motion Technology,Semiconductor Foundry & Memory
SNDK,Sandisk Corp,Semiconductor Foundry & Memory
STX,Seagate Technology Holdings Plc,Semiconductor Foundry & Memory
WDC,Western Digital Corp,Semiconductor Foundry & Memory
AOSL,Alpha And Omega,Semiconductors & Hardware - Power & Compound Semiconductors
LFUS,Littelfuse IncD,Semiconductors & Hardware - Power & Compound Semiconductors
MPWR,Monolithic Power,Semiconductors & Hardware - Power & Compound Semiconductors
MTSI,MACOM Technology Solutions Holdings Inc,Semiconductors & Hardware - Power & Compound Semiconductors
NVEC,Nve Corp,Semiconductors & Hardware - Power & Compound Semiconductors
NVTS,Navitas Semiconductor Corp,Semiconductors & Hardware - Power & Compound Semiconductors
ON,ON Semiconductor Corp,Semiconductors & Hardware - Power & Compound Semiconductors
POWI,Power Integrations Inc,Semiconductors & Hardware - Power & Compound Semiconductors
QRVO,Qorvo Inc,Semiconductors & Hardware - Power & Compound Semiconductors
SWKS,Skyworks Solutions Inc,Semiconductors & Hardware - Power & Compound Semiconductors
VICR,Vicor Corp,Semiconductors & Hardware - Power & Compound Semiconductors
WOLF,Wolfspeed Inc,Semiconductors & Hardware - Power & Compound Semiconductors
CMBT,CMBTech NV,Shipping
DAC,Danaos Corp,Shipping
DHT,DHT Holdings Inc,Shipping
FRO,Frontline Plc,Shipping
GLNG,Golar Lng,Shipping
HAFN,Hafnia Ltd,Shipping
MATX,Matson Inc,Shipping
NAT,Nordic American Tankers Ltd,Shipping
SBLK,Star Bulk Carriers Corp,Shipping
SFL,SFL Corp Ltd,Shipping
STNG,Scorpio Tankers Inc,Shipping
TRMD,Torm Plc,Shipping
ZIM,ZIM Integrated Shipping Services Ltd,Shipping
AG,First Majestic Silver Corp,Silver
ASM,Avino Silver & Gold Mines Ltd,Silver
EXK,Endeavour Silver Corp,Silver
FSM,Fortuna Mining Corp,Silver
HL,Hecla Mining Co,Silver
NEWP,New Pacific Metals Corp,Silver
PAAS,Pan American Silver Corp,Silver
SVM,Silvercorp Metals Inc,Silver
USAS,Americas Gold and Silver Corp,Silver
VZLA,Vizsla Silver Corp,Silver
ACN,Accenture plc,Software - Application
ADBE,Adobe Inc,Software - Application
ADEA,Adeia Inc,Software - Application
ADP,Automatic Data Processing Inc,Software - Application
ADSK,Autodesk Inc,Software - Application
ALKT,Alkami Technology Inc,Software - Application
ALRM,Alarm Com Hldgs Inc,Software - Application
AMPL,Amplitude Inc,Software - Application
APPF,Appfolio,Software - Application
APPN,Appian Corp,Software - Application
ASAN,Asana Inc,Software - Application
BL,BlackLine Inc,Software - Application
BRZE,Braze Inc,Software - Application
BSY,Bentley Systems Inc,Software - Application
CCC,CCC Intelligent Solutions Holdings Inc,Software - Application
CDNS,Cadence Design Systems Inc,Software - Application
CNXC,Concentrix Corp,Software - Application
CRM,Salesforce Inc,Software - Application
CTSH,Cognizant Technology Solutions Corp,Software - Application
CVLT,Commvault Systems Inc,Software - Application
CWAN,Clearwater Analytics Holdings Inc,Software - Application
CXM,Sprinklr Inc,Software - Application
DOCS,Doximity Inc,Software - Application
DOCU,DocuSign Inc,Software - Application
DT,Dynatrace Inc,Software - Application
DUOL,Duolingo Inc,Software - Application
ESTC,Elastic NV,Software - Application
FIG,Figma Inc,Software - Application
FIVN,Five9 Inc,Software - Application
FROG,JFrog Ltd,Software - Application
FRSH,Freshworks Inc,Software - Application
FSLY,Fastly Inc,Software - Application
GLOB,Globant SA,Software - Application
GRND,Grindr Inc,Software - Application
GTM,ZoomInfo Technologies Inc,Software - Application
GWRE,Guidewire Software Inc,Software - Application
HUBS,HubSpot Inc,Software - Application
INFY,Infosys Ltd ADR,Software - Application
INTA,Intapp Inc,Software - Application
INTU,Intuit Inc,Software - Application
IT,Gartner Inc,Software - Application
KVYO,Klaviyo Inc,Software - Application
LIF,Life360 Inc,Software - Application
LSPD,Lightspeed Commerce Inc,Software - Application
LYFT,Lyft Inc,Software - Application
LZ,LegalZoomcom Inc,Software - Application
MANH,Manhattan Associates Inc,Software - Application
NAVN,Navan Inc,Software - Application
NCNO,Ncino Inc,Software - Application
NIQ,NIQ Global Intelligence plc,Software - Application
NOW,ServiceNow Inc,Software - Application
OTEX,Open Text Corp,Software - Application
PAYC,Paycom Software Inc,Software - Application
PAYX,Paychex Inc,Software - Application
PCOR,Procore Technologies Inc,Software - Application
PCTY,Paylocity Holding Corp,Software - Application
PEGA,Pegasystems Inc,Software - Application
PRGS,Progress Software Corp,Software - Application
PTC,PTC Inc,Software - Application
PTRN,Pattern Group Inc,Software - Application
QTWO,Q2 Holdings Inc,Software - Application
QXO,QXO Inc,Software - Application
RNG,RingCentral Inc,Software - Application
ROP,Roper Technologies Inc,Software - Application
SAP,Sap SE ADR,Software - Application
SNPS,Synopsys Inc,Software - Application
SPSC,SPS Commerce Inc,Software - Application
SSNC,SS&C Technologies Holdings Inc,Software - Application
TEAM,Atlassian Corp,Software - Application
TTAN,ServiceTitan Inc,Software - Application
TYL,Tyler Technologies,Software - Application
U,Unity Software Inc,Software - Application
UBER,Uber Technologies Inc,Software - Application
UPBD,Upbound Group Inc,Software - Application
VEEV,Veeva Sys Inc,Software - Application
VERX,Vertex Inc,Software - Application
VRRM,Verra Mobility Corp,Software - Application
WDAY,Workday Inc,Software - Application
WK,Workiva Inc,Software - Application
YOU,Clear Secure Inc,Software - Application
ZM,Zoom Communications Inc,Software - Application
CDW,CDW Corp,IT Services & Resellers
DDOG,Datadog Inc,Software - Cloud
DOCN,DigitalOcean Holdings Inc,Software - Cloud
GTLB,Gitlab Inc,Software - Cloud
INGM,Ingram Micro Holding Corp,IT Services & Resellers
MDB,MongoDB Inc,Software - Cloud
NTNX,Nutanix Inc,Software - Cloud
SNOW,Snowflake Inc,Software - Cloud
TWLO,Twilio Inc,Software - Cloud
ACIW,ACI Worldwide Inc,Software - Infrastructure
AKAM,Akamai Technologies Inc,Software - Infrastructure
ATEN,A10 Networks Inc,Software - Infrastructure
AVPT,AvePoint Inc,Software - Infrastructure
BOX,Box Inc,Software - Infrastructure
CALX,Calix Inc,Software - Infrastructure
DBX,Dropbox Inc,Software - Infrastructure
DOX,Amdocs Ltd,Software - Infrastructure
DXC,DXC Technology Co,Software - Infrastructure
EPAM,EPAM Systems Inc,Software - Infrastructure
FLYW,Flywire Corp,Software - Infrastructure
GDDY,Godaddy Inc,Software - Infrastructure
IOT,Samsara Inc,Software - Infrastructure
KD,Kyndryl Holdings Inc,Software - Infrastructure
NABL,N-able Inc,Software - Infrastructure
NN,NextNav Inc,Software - Infrastructure
TDC,Teradata Corp,Software - Infrastructure
VRSN,Verisign Inc,Software - Infrastructure
ARRY,Array Technologies Inc,Solar
CSIQ,Canadian Solar Inc,Solar
ENPH,Enphase Energy Inc,Solar
FPS,Forgent Power Solutions Inc,Solar
FSLR,First Solar Inc,Solar
NXT,Nextpower Inc,Solar
RUN,Sunrun Inc,Solar
SEDG,Solaredge Technologies Inc,Solar
SHLS,Shoals Technologies Group Inc,Solar
SHMD,SCHMID Group N.V.,Solar
ASTS,AST SpaceMobile Inc,Space
BKSY,BlackSky Technology Inc,Space
FLY,Firefly Aerospace Inc,Space
GSAT,Globalstar Inc,Space
IRDM,Iridium Communications Inc,Space
LUNR,Intuitive Machines Inc,Space
MPTI,M-tron Industries Inc,Space
PL,Planet Labs PBC,Space
RDW,Redwire Corp,Space
RKLB,Rocket Lab Corp,Space
SATL,Satellogic Inc,Space
SATS,EchoStar Corp,Space
SIDU,Sidus Space Inc,Space
SPIR,Spire Global Inc,Space
TSAT,TELESAT CORP,Space
VOYG,Voyager Technologies Inc,Space
VSAT,Viasat Inc,Space
YSS,York Space Systems Inc,Space
APD,Air Products & Chemicals Inc,Chemicals — Commodity & Specialty
AXTA,Axalta Coating Systems Ltd,Building Materials
CC,Chemours Company,Chemicals — Commodity & Specialty
CLMT,Calumet Inc,Chemicals — Commodity & Specialty
DD,DuPont de Nemours Inc,Chemicals — Commodity & Specialty
ECL,Ecolab Inc,Chemicals — Commodity & Specialty
ECVT,Ecovyst Inc,Chemicals — Commodity & Specialty
EMN,Eastman Chemical Co,Chemicals — Commodity & Specialty
ESI,Element Solutions Inc,Chemicals — Commodity & Specialty
IFF,International Flavors & Fragrances Inc,Chemicals — Commodity & Specialty
LIN,Linde Plc,Chemicals — Commodity & Specialty
LYB,LyondellBasell Industries NV,Chemicals — Commodity & Specialty
PPG,PPG Industries Inc,Building Materials
PRM,Perimeter Solutions Inc,Chemicals — Commodity & Specialty
ROG,Roger,Chemicals — Commodity & Specialty
RPM,RPM International Inc,Building Materials
SHW,Sherwin-Williams Co,Building Materials
SOLS,Solstice Advanced Materials Inc,Chemicals — Commodity & Specialty
SSL,Sasol Ltd ADR,Chemicals — Commodity & Specialty
WLK,Westlake Corp,Chemicals — Commodity & Specialty
AME,Ametek Inc,Specialty Industrial Machinery
AOS,AO Smith Corp,Specialty Industrial Machinery
BW,Babcock & Wilcox Enterprises Inc,Specialty Industrial Machinery
CARR,Carrier Global Corp,Specialty Industrial Machinery
CAT,Caterpillar Inc,Specialty Industrial Machinery
CMI,Cummins Inc,Specialty Industrial Machinery
CNM,Core & Main Inc,Specialty Industrial Machinery
CXT,Crane NXT Co,Specialty Industrial Machinery
DNOW,Dnow Inc,Specialty Industrial Machinery
DOV,Dover Corp,Specialty Industrial Machinery
FAST,Fastenal Co,Specialty Industrial Machinery
FERG,Ferguson Enterprises Inc,Specialty Industrial Machinery
FLS,Flowserve Corp,Specialty Industrial Machinery
GGG,Graco Inc,Specialty Industrial Machinery
GTES,Gates Industrial Corp Plc,Specialty Industrial Machinery
GTLS,Chart Industries Inc,Specialty Industrial Machinery
HLMN,Hillman Solutions Corp,Specialty Industrial Machinery
HON,Honeywell International Inc,Specialty Industrial Machinery
IEX,Idex Corp,Specialty Industrial Machinery
IR,Ingersoll Rand Inc,Specialty Industrial Machinery
ITT,ITT Inc,Specialty Industrial Machinery
ITW,Illinois Tool Works Inc,Specialty Industrial Machinery
JCI,Johnson Controls International plc,Specialty Industrial Machinery
KMT,Kennametal Inc,Specialty Industrial Machinery
MIR,Mirion Technologies Inc,Specialty Industrial Machinery
MMM,3M Co,Specialty Industrial Machinery
MOD,Modine Manufacturing Co,Specialty Industrial Machinery
MWA,Mueller Water Products Inc,Specialty Industrial Machinery
NDSN,Nordson Corp,Specialty Industrial Machinery
OTIS,Otis Worldwide Corp,Specialty Industrial Machinery
PNR,Pentair plc,Specialty Industrial Machinery
POOL,Pool Corp,Specialty Industrial Machinery
REZI,Resideo Technologies Inc,Specialty Industrial Machinery
RRX,Regal Rexnord Corp,Specialty Industrial Machinery
SWK,Stanley Black & Decker Inc,Specialty Industrial Machinery
TKR,Timken Co,Specialty Industrial Machinery
TTC,Toro Co,Specialty Industrial Machinery
TTI,Tetra Technologies Inc,Specialty Industrial Machinery
VLTO,Veralto Corp,Specialty Industrial Machinery
XYL,Xylem Inc,Specialty Industrial Machinery
AMX,America Movil SAB de CV ADR,International Telecom ADRs
BCE,BCE Inc,US Wireless Carriers
CCOI,Cogent Communications Holdings Inc,Cable & Broadband
CHTR,Charter Communications Inc,Cable & Broadband
CMCSA,Comcast Corp,Cable & Broadband
IDCC,Interdigital Inc,Cable & Broadband
KT,KT Corp ADR,International Telecom ADRs
KYIV,Kyivstar Group Ltd,International Telecom ADRs
LUMN,Lumen Technologies Inc,Cable & Broadband
RCI,Rogers Communications Inc,US Wireless Carriers
SIFY,Sify Technologie,International Telecom ADRs
SKM,SK Telecom Co Ltd ADR,International Telecom ADRs
T,AT&T Inc,US Wireless Carriers
TDS,Telephone And Data Systems Inc,Cable & Broadband
TIGO,Millicom International Cellular SA,International Telecom ADRs
TKC,Turkcell Iletisim Hizmetleri AS ADR,International Telecom ADRs
TLK,Telkom Indonesia (Persero) Tbk PT ADR,International Telecom ADRs
TMUS,T-Mobile US Inc,US Wireless Carriers
TU,Telus Corp,US Wireless Carriers
VIV,Telefonica Brasil SA ADR,International Telecom ADRs
VOD,Vodafone Group plc ADR,International Telecom ADRs
VZ,Verizon Communications Inc,US Wireless Carriers
CNI,Canadian National Railway Co,Trucking
CP,Canadian Pacific Kansas City Limited,Trucking
CSX,CSX Corp,Trucking
JBHT,JB Hunt Transport Services Inc,Trucking
KNX,Knight-Swift Transportation Holdings Inc,Trucking
MRTN,Marten Transport Ltd,Trucking
NSC,Norfolk Southern Corp,Trucking
ODFL,Old Dominion Freight Line Inc,Trucking
RXO,RXO Inc,Trucking
SNDR,Schneider National Inc,Trucking
UNP,Union Pacific Corp,Trucking
WAB,Westinghouse Air Brake Technologies Corp,Trucking
WERN,Werner Enterprises Inc,Trucking
XPO,XPO Inc,Trucking
CCJ,Cameco Corp,Uranium
DNN,Denison Mines,Uranium
EU,Encore Energy,Uranium
LEU,Centrus Energy Corp,Uranium
LTBR,Lightbridge Corp,Uranium
NXE,NexGen Energy Ltd,Uranium
UEC,Uranium Energy Corp,Uranium
URG,Ur-Energy,Uranium
UROY,Uranium,Uranium
UUUU,Energy Fuels Inc,Uranium
